{
  "mode": "multi-shot-lazy",
  "grounding_strategy": "hybrid",
  "translation_peak_rss_mb": 538.5,
  "base_grounding_peak_rss_mb": 419.078125,
  "base_grounding_sec": 2.123115750029683,
  "timed_out": false,
  "horizons": [
    {
      "horizon": 3,
      "grounding_sec": 254.72897624899633,
      "solving_sec": 84.17707520804834,
      "peak_rss_mb": 22451.5625,
      "satisfiable": true,
      "models_seen": 91,
      "models_stored": 91,
      "unique_workflows_seen": 91,
      "unique_workflows_stored": 91,
      "grounding_parts": [
        [
          "step",
          166.6229312919313
        ],
        [
          "step_query",
          2.260089375078678
        ],
        [
          "constraint_step",
          2.175295791006647
        ],
        [
          "check",
          80.26234545791522
        ],
        [
          "check_usage",
          3.4083143330644816
        ]
      ]
    }
  ]
}
